Name	Reign	Dynasty	Group symbol	Cause of death
Augustus	27 BC–14 AD	Julio-Claudian	ᴶ	Natural causes (allegedly poisoned)
Tiberius	14–37	Julio-Claudian	ᴶ	Natural causes (allegedly murdered)
Caligula	37–41	Julio-Claudian	ᴶ	Assassinated (Praetorian conspiracy)
Claudius	41–54	Julio-Claudian	ᴶ	Poisoned (allegedly by Agrippina)
Nero	54–68	Julio-Claudian	ᴶ	Suicide
Galba	68–69	Year of the Four Emperors	Ⅳ	Assassinated (Praetorian coup)
Otho	69	Year of the Four Emperors	Ⅳ	Suicide (after Battle of Bedriacum)
Vitellius	69	Year of the Four Emperors	Ⅳ	Assassinated (by Vespasian's troops)
Vespasian	69–79	Flavian	ᶠ	Illness (dysentery)
Titus	79–81	Flavian	ᶠ	Natural causes
Domitian	81–96	Flavian	ᶠ	Assassinated (court conspiracy)
Nerva	96–98	Nerva–Antonine	ᴺ	Natural causes
Trajan	98–117	Nerva–Antonine	ᴺ	Natural causes
Hadrian	117–138	Nerva–Antonine	ᴺ	Natural causes
Antoninus Pius	138–161	Nerva–Antonine	ᴺ	Natural causes
Marcus Aurelius	161–180	Nerva–Antonine	ᴺ	Illness (Antonine Plague)
Lucius Verus	161–169	Nerva–Antonine	ᴺ	Stroke
Commodus	180–192	Nerva–Antonine	ᴺ	Assassinated (strangled)
Pertinax	193	Year of the Five Emperors	Ⅴ	Assassinated (Praetorian Guard)
Didius Julianus	193	Year of the Five Emperors	Ⅴ	Executed (on Senate's order)
Septimius Severus	193–211	Severan	ˢ	Natural causes
Geta	211	Severan	ˢ	Assassinated (on Caracalla's order)
Caracalla	211–217	Severan	ˢ	Assassinated
Macrinus	217–218	Severan	ˢ	Executed
Diadumenian	218	Severan	ˢ	Executed
Elagabalus	218–222	Severan	ˢ	Assassinated (Praetorian Guard)
Severus Alexander	222–235	Severan	ˢ	Assassinated (lynched by troops)
Maximinus I (Thrax)	235–238	Crisis of the Third Century	ᶜ	Assassinated (by his men)
Gordian I	238	Crisis of the Third Century	ᶜ	Suicide
Gordian II	238	Crisis of the Third Century	ᶜ	Killed in battle
Pupienus	238	Crisis of the Third Century	ᶜ	Assassinated (Praetorian Guard)
Balbinus	238	Crisis of the Third Century	ᶜ	Assassinated (Praetorian Guard)
Gordian III	238–244	Crisis of the Third Century	ᶜ	Died on campaign (possibly murdered)
Philip I (the Arab)	244–249	Crisis of the Third Century	ᶜ	Killed in battle
Philip II	247–249	Crisis of the Third Century	ᶜ	Assassinated (Praetorian Guard)
Decius	249–251	Crisis of the Third Century	ᶜ	Killed in battle
Herennius Etruscus	251	Crisis of the Third Century	ᶜ	Killed in battle
Trebonianus Gallus	251–253	Crisis of the Third Century	ᶜ	Assassinated (by his troops)
Hostilian	251	Crisis of the Third Century	ᶜ	Plague (or murdered)
Volusianus	251–253	Crisis of the Third Century	ᶜ	Assassinated (with his father)
Aemilianus	253	Crisis of the Third Century	ᶜ	Assassinated (by his troops)
Valerian	253–260	Crisis of the Third Century	ᶜ	Died in Persian captivity
Gallienus	253–268	Crisis of the Third Century	ᶜ	Assassinated
Saloninus	260	Crisis of the Third Century	ᶜ	Assassinated
Claudius II (Gothicus)	268–270	Crisis of the Third Century	ᶜ	Plague
Quintillus	270	Crisis of the Third Century	ᶜ	Suicide (or killed)
Aurelian	270–275	Crisis of the Third Century	ᶜ	Assassinated (Praetorian Guard)
Tacitus	275–276	Crisis of the Third Century	ᶜ	Illness (or murdered)
Florianus	276	Crisis of the Third Century	ᶜ	Assassinated (by his troops)
Probus	276–282	Crisis of the Third Century	ᶜ	Assassinated (by his troops)
Carus	282–283	Crisis of the Third Century	ᶜ	Died in Persia (illness, assassination, or lightning)
Carinus	283–285	Crisis of the Third Century	ᶜ	Killed in battle (likely betrayed)
Numerian	283–284	Crisis of the Third Century	ᶜ	Illness (or assassinated)
Diocletian	284–305	Tetrarchy	ᵀ	Abdicated
Maximian	286–305	Tetrarchy	ᵀ	Abdicated
Galerius	305–311	Tetrarchy	ᵀ	Natural causes
Constantius I (Chlorus)	305–306	Tetrarchy	ᵀ	Natural causes
Severus II	306–307	Tetrarchy	ᵀ	Executed (or forced suicide)
Maxentius	306–312	Tetrarchy	ᵀ	Killed in battle
Maximian	306–308	Tetrarchy	ᵀ	Forced to abdicate (suicide in 310)
Domitius Alexander	308–310	Tetrarchy	ᵀ	Executed
Licinius	308–324	Tetrarchy	ᵀ	Executed
Maximinus II (Daza)	310–313	Tetrarchy	ᵀ	Died after defeat
Valerius Valens	316–317	Tetrarchy	ᵀ	Executed
Martinian	324	Tetrarchy	ᵀ	Executed
Constantine I (the Great)	306–337	Constantinian	ᴷ	Natural causes
Constantine II	337–340	Constantinian	ᴷ	Killed in battle
Constans I	337–350	Constantinian	ᴷ	Assassinated
Constantius II	337–361	Constantinian	ᴷ	Illness (fever)
Magnentius	350–353	Constantinian	ᴷ	Suicide
Vetranio	350	Constantinian	ᴷ	Abdicated
Nepotianus	350	Constantinian	ᴷ	Executed
Julian (the Apostate)	361–363	Constantinian	ᴷ	Killed in battle
Jovian	363–364	Constantinian	ᴷ	Accidental death (fumes or indigestion)
Valentinian I (the Great)	364–375	Valentinianic	ᵛ	Stroke
Valens	364–378	Valentinianic	ᵛ	Killed in battle
Procopius	365–366	Valentinianic	ᵛ	Executed
Gratian	375–383	Valentinianic	ᵛ	Assassinated
Magnus Maximus	383–388	Valentinianic	ᵛ	Executed
Valentinian II	388–392	Valentinianic	ᵛ	Suicide (or murdered)
Eugenius	392–394	Valentinianic	ᵛ	Executed
Theodosius I (the Great)	379–395	Theodosian	Θ	Natural causes
